Model,Accuracy
RoBERTa V3,0.9604653196886207
DistilBERT V3,0.9407854456398146
SVM,0.8890929764716172
Naive Bayes,0.8032887256188227
VADER,0.7972535642438555
